[{"name":"\u535a\u6587\u7ba1\u7406","module":"blog","controller":"Blogarticle","action":"none","order":190,"remark":"","is_menu":1,"id":1133,"pid":0,"level":1,"path":"blog\/blogarticle\/none","son":[{"name":"\u6dfb\u52a0\u535a\u6587","module":"blog","controller":"Blogarticle","action":"add","order":1,"remark":"","is_menu":0,"id":1134,"pid":1133,"level":2,"path":"blog\/blogarticle\/add","son":[]},{"name":"\u8bbe\u7f6e\u5b57\u6bb5","module":"blog","controller":"Blogarticle","action":"setField","order":1,"remark":"","is_menu":0,"id":1135,"pid":1133,"level":2,"path":"blog\/blogarticle\/setfield","son":[]},{"name":"\u7f16\u8f91\u535a\u6587","module":"blog","controller":"Blogarticle","action":"edit","order":1,"remark":"","is_menu":0,"id":1136,"pid":1133,"level":2,"path":"blog\/blogarticle\/edit","son":[]},{"name":"\u5220\u9664\u535a\u6587","module":"blog","controller":"Blogarticle","action":"delete","order":1,"remark":"","is_menu":0,"id":1137,"pid":1133,"level":2,"path":"blog\/blogarticle\/delete","son":[]},{"name":"\u535a\u6587\u5217\u8868","module":"blog","controller":"Blogarticle","action":"dataList","order":1,"remark":"","is_menu":1,"id":1138,"pid":1133,"level":2,"path":"blog\/blogarticle\/datalist","son":[]},{"name":"\u9884\u89c8\u6587\u7ae0","module":"blog","controller":"Blogarticle","action":"preview","order":1,"remark":"","is_menu":0,"id":1139,"pid":1133,"level":2,"path":"blog\/blogarticle\/preview","son":[]},{"name":"\u7f16\u8f91\u535a\u6587","module":"blog","controller":"Blogarticle","action":"editContent","order":1,"remark":"","is_menu":0,"id":1140,"pid":1133,"level":2,"path":"blog\/blogarticle\/editcontent","son":[]}]},{"name":"\u535a\u5ba2\u6587\u7ae0\u7c7b\u578b","module":"blog","controller":"BlogType","action":"none","order":188,"remark":"","is_menu":0,"id":1141,"pid":0,"level":1,"path":"blog\/blogtype\/none","son":[{"name":"\u6dfb\u52a0\u6587\u7ae0\u7c7b\u578b","module":"blog","controller":"BlogType","action":"add","order":1,"remark":"","is_menu":1,"id":1142,"pid":1141,"level":2,"path":"blog\/blogtype\/add","son":[]},{"name":"\u7f16\u8f91\u6587\u7ae0\u7c7b\u578b","module":"blog","controller":"BlogType","action":"edit","order":1,"remark":"","is_menu":1,"id":1143,"pid":1141,"level":2,"path":"blog\/blogtype\/edit","son":[]},{"name":"\u8bbe\u7f6e\u5b57\u6bb5","module":"blog","controller":"BlogType","action":"setField","order":1,"remark":"","is_menu":1,"id":1144,"pid":1141,"level":2,"path":"blog\/blogtype\/setfield","son":[]},{"name":"\u5220\u9664\u6587\u7ae0\u7c7b\u578b","module":"blog","controller":"BlogType","action":"delete","order":1,"remark":"","is_menu":1,"id":1145,"pid":1141,"level":2,"path":"blog\/blogtype\/delete","son":[]},{"name":"\u6587\u7ae0\u7c7b\u578b\u5217\u8868","module":"blog","controller":"BlogType","action":"dataList","order":1,"remark":"","is_menu":1,"id":1146,"pid":1141,"level":2,"path":"blog\/blogtype\/datalist","son":[]}]},{"name":"\u535a\u5ba2\u6807\u7b7e","module":"blog","controller":"BlogTag","action":"none","order":186,"remark":"","is_menu":0,"id":1147,"pid":0,"level":1,"path":"blog\/blogtag\/none","son":[{"name":"\u6dfb\u52a0\u6807\u7b7e","module":"blog","controller":"BlogTag","action":"add","order":1,"remark":"","is_menu":1,"id":1148,"pid":1147,"level":2,"path":"blog\/blogtag\/add","son":[]},{"name":"\u5220\u9664\u6807\u7b7e","module":"blog","controller":"BlogTag","action":"delete","order":1,"remark":"","is_menu":1,"id":1149,"pid":1147,"level":2,"path":"blog\/blogtag\/delete","son":[]},{"name":"\u7f16\u8f91\u6807\u7b7e","module":"blog","controller":"BlogTag","action":"edit","order":1,"remark":"","is_menu":1,"id":1150,"pid":1147,"level":2,"path":"blog\/blogtag\/edit","son":[]},{"name":"\u8bbe\u7f6e\u5b57\u6bb5","module":"blog","controller":"BlogTag","action":"setField","order":1,"remark":"","is_menu":1,"id":1151,"pid":1147,"level":2,"path":"blog\/blogtag\/setfield","son":[]},{"name":"\u6807\u7b7e\u5217\u8868","module":"blog","controller":"BlogTag","action":"dataList","order":1,"remark":"","is_menu":1,"id":1152,"pid":1147,"level":2,"path":"blog\/blogtag\/datalist","son":[]}]}]