[
	{
		"ico"        : "fa-paste",
		"name"       : "\u535a\u6587\u7ba1\u7406",
		"module"     : "blog",
		"controller" : "Blogarticle",
		"action"     : "none",
		"order"      : 190,
		"remark"     : "",
		"is_menu"    : 1,
		"id"         : 1718,
		"pid"        : 0,
		"level"      : 1,
		"path"       : "blog\/blogarticle\/none",
		"son"        : [
			{
				"ico"        : "",
				"name"       : "\u6dfb\u52a0\u535a\u6587",
				"module"     : "blog",
				"controller" : "Blogarticle",
				"action"     : "add",
				"order"      : 1,
				"remark"     : "",
				"is_menu"    : 1,
				"id"         : 1719,
				"pid"        : 1718,
				"level"      : 2,
				"path"       : "blog\/blogarticle\/add",
				"son"        : [ ]
			}, {
				"ico"        : "",
				"name"       : "\u8bbe\u7f6e\u5b57\u6bb5",
				"module"     : "blog",
				"controller" : "Blogarticle",
				"action"     : "setField",
				"order"      : 1,
				"remark"     : "",
				"is_menu"    : 0,
				"id"         : 1720,
				"pid"        : 1718,
				"level"      : 2,
				"path"       : "blog\/blogarticle\/setfield",
				"son"        : [ ]
			}, {
				"ico"        : "",
				"name"       : "\u7f16\u8f91\u535a\u6587",
				"module"     : "blog",
				"controller" : "Blogarticle",
				"action"     : "edit",
				"order"      : 1,
				"remark"     : "",
				"is_menu"    : 0,
				"id"         : 1721,
				"pid"        : 1718,
				"level"      : 2,
				"path"       : "blog\/blogarticle\/edit",
				"son"        : [ ]
			}, {
				"ico"        : "",
				"name"       : "\u5220\u9664\u535a\u6587",
				"module"     : "blog",
				"controller" : "Blogarticle",
				"action"     : "delete",
				"order"      : 1,
				"remark"     : "",
				"is_menu"    : 0,
				"id"         : 1722,
				"pid"        : 1718,
				"level"      : 2,
				"path"       : "blog\/blogarticle\/delete",
				"son"        : [ ]
			}, {
				"ico"        : "",
				"name"       : "\u535a\u6587\u5217\u8868",
				"module"     : "blog",
				"controller" : "Blogarticle",
				"action"     : "dataList",
				"order"      : 1,
				"remark"     : "",
				"is_menu"    : 1,
				"id"         : 1723,
				"pid"        : 1718,
				"level"      : 2,
				"path"       : "blog\/blogarticle\/datalist",
				"son"        : [ ]
			}, {
				"ico"        : "",
				"name"       : "\u9884\u89c8\u6587\u7ae0",
				"module"     : "blog",
				"controller" : "Blogarticle",
				"action"     : "preview",
				"order"      : 1,
				"remark"     : "",
				"is_menu"    : 0,
				"id"         : 1724,
				"pid"        : 1718,
				"level"      : 2,
				"path"       : "blog\/blogarticle\/preview",
				"son"        : [ ]
			}, {
				"ico"        : "",
				"name"       : "\u7f16\u8f91\u535a\u6587",
				"module"     : "blog",
				"controller" : "Blogarticle",
				"action"     : "editContent",
				"order"      : 1,
				"remark"     : "",
				"is_menu"    : 0,
				"id"         : 1725,
				"pid"        : 1718,
				"level"      : 2,
				"path"       : "blog\/blogarticle\/editcontent",
				"son"        : [ ]
			}
		]
	}, {
	"ico"        : "fa-tasks",
	"name"       : "\u535a\u5ba2\u6587\u7ae0\u7c7b\u578b",
	"module"     : "blog",
	"controller" : "BlogType",
	"action"     : "none",
	"order"      : 188,
	"remark"     : "",
	"is_menu"    : 1,
	"id"         : 1726,
	"pid"        : 0,
	"level"      : 1,
	"path"       : "blog\/blogtype\/none",
	"son"        : [
		{
			"ico"        : "",
			"name"       : "\u6dfb\u52a0\u6587\u7ae0\u7c7b\u578b",
			"module"     : "blog",
			"controller" : "BlogType",
			"action"     : "add",
			"order"      : 1,
			"remark"     : "",
			"is_menu"    : 1,
			"id"         : 1727,
			"pid"        : 1726,
			"level"      : 2,
			"path"       : "blog\/blogtype\/add",
			"son"        : [ ]
		}, {
			"ico"        : "",
			"name"       : "\u7f16\u8f91\u6587\u7ae0\u7c7b\u578b",
			"module"     : "blog",
			"controller" : "BlogType",
			"action"     : "edit",
			"order"      : 1,
			"remark"     : "",
			"is_menu"    : 0,
			"id"         : 1728,
			"pid"        : 1726,
			"level"      : 2,
			"path"       : "blog\/blogtype\/edit",
			"son"        : [ ]
		}, {
			"ico"        : "",
			"name"       : "\u8bbe\u7f6e\u5b57\u6bb5",
			"module"     : "blog",
			"controller" : "BlogType",
			"action"     : "setField",
			"order"      : 1,
			"remark"     : "",
			"is_menu"    : 0,
			"id"         : 1729,
			"pid"        : 1726,
			"level"      : 2,
			"path"       : "blog\/blogtype\/setfield",
			"son"        : [ ]
		}, {
			"ico"        : "",
			"name"       : "\u5220\u9664\u6587\u7ae0\u7c7b\u578b",
			"module"     : "blog",
			"controller" : "BlogType",
			"action"     : "delete",
			"order"      : 1,
			"remark"     : "",
			"is_menu"    : 0,
			"id"         : 1730,
			"pid"        : 1726,
			"level"      : 2,
			"path"       : "blog\/blogtype\/delete",
			"son"        : [ ]
		}, {
			"ico"        : "",
			"name"       : "\u6587\u7ae0\u7c7b\u578b\u5217\u8868",
			"module"     : "blog",
			"controller" : "BlogType",
			"action"     : "dataList",
			"order"      : 1,
			"remark"     : "",
			"is_menu"    : 1,
			"id"         : 1731,
			"pid"        : 1726,
			"level"      : 2,
			"path"       : "blog\/blogtype\/datalist",
			"son"        : [ ]
		}
	]
}, {
	"ico"        : "fa-tags",
	"name"       : "\u535a\u5ba2\u6807\u7b7e",
	"module"     : "blog",
	"controller" : "BlogTag",
	"action"     : "none",
	"order"      : 186,
	"remark"     : "",
	"is_menu"    : 1,
	"id"         : 1732,
	"pid"        : 0,
	"level"      : 1,
	"path"       : "blog\/blogtag\/none",
	"son"        : [
		{
			"ico"        : "",
			"name"       : "\u6dfb\u52a0\u6807\u7b7e",
			"module"     : "blog",
			"controller" : "BlogTag",
			"action"     : "add",
			"order"      : 1,
			"remark"     : "",
			"is_menu"    : 1,
			"id"         : 1733,
			"pid"        : 1732,
			"level"      : 2,
			"path"       : "blog\/blogtag\/add",
			"son"        : [ ]
		}, {
			"ico"        : "",
			"name"       : "\u5220\u9664\u6807\u7b7e",
			"module"     : "blog",
			"controller" : "BlogTag",
			"action"     : "delete",
			"order"      : 1,
			"remark"     : "",
			"is_menu"    : 0,
			"id"         : 1734,
			"pid"        : 1732,
			"level"      : 2,
			"path"       : "blog\/blogtag\/delete",
			"son"        : [ ]
		}, {
			"ico"        : "",
			"name"       : "\u7f16\u8f91\u6807\u7b7e",
			"module"     : "blog",
			"controller" : "BlogTag",
			"action"     : "edit",
			"order"      : 1,
			"remark"     : "",
			"is_menu"    : 0,
			"id"         : 1735,
			"pid"        : 1732,
			"level"      : 2,
			"path"       : "blog\/blogtag\/edit",
			"son"        : [ ]
		}, {
			"ico"        : "",
			"name"       : "\u8bbe\u7f6e\u5b57\u6bb5",
			"module"     : "blog",
			"controller" : "BlogTag",
			"action"     : "setField",
			"order"      : 1,
			"remark"     : "",
			"is_menu"    : 0,
			"id"         : 1736,
			"pid"        : 1732,
			"level"      : 2,
			"path"       : "blog\/blogtag\/setfield",
			"son"        : [ ]
		}, {
			"ico"        : "",
			"name"       : "\u6807\u7b7e\u5217\u8868",
			"module"     : "blog",
			"controller" : "BlogTag",
			"action"     : "dataList",
			"order"      : 1,
			"remark"     : "",
			"is_menu"    : 1,
			"id"         : 1737,
			"pid"        : 1732,
			"level"      : 2,
			"path"       : "blog\/blogtag\/datalist",
			"son"        : [ ]
		}
	]
}
]