[{"name":"\u7a3f\u4ef6\u7ba1\u7406","module":"doc","controller":"Doc","action":"none","order":1,"remark":"","is_menu":1,"id":42,"pid":0,"level":1,"path":"doc\/doc\/none","son":[{"name":"\u4e0a\u4f20\u7a3f\u4ef6","module":"doc","controller":"Doc","action":"add","order":1,"remark":"","is_menu":0,"id":43,"pid":42,"level":2,"path":"doc\/doc\/add","son":[]},{"name":"\u7a3f\u4ef6\u5217\u8868","module":"doc","controller":"Doc","action":"dataList","order":1,"remark":"","is_menu":1,"id":44,"pid":42,"level":2,"path":"doc\/doc\/datalist","son":[]},{"name":"\u8bbe\u7f6e\u5b57\u6bb5","module":"doc","controller":"Doc","action":"setField","order":1,"remark":"","is_menu":0,"id":45,"pid":42,"level":2,"path":"doc\/doc\/setfield","son":[]},{"name":"\u5220\u9664\u7a3f\u4ef6","module":"doc","controller":"Doc","action":"delete","order":1,"remark":"","is_menu":0,"id":46,"pid":42,"level":2,"path":"doc\/doc\/delete","son":[]},{"name":"\u7f16\u8f91\u7a3f\u4ef6","module":"doc","controller":"Doc","action":"edit","order":1,"remark":"","is_menu":0,"id":47,"pid":42,"level":2,"path":"doc\/doc\/edit","son":[]},{"name":"\u6279\u91cf\u8bbe\u7f6e\u7a3f\u4ef6\u4fe1\u606f","module":"doc","controller":"Doc","action":"setDocInfo","order":1,"remark":"","is_menu":0,"id":54,"pid":42,"level":2,"path":"doc\/doc\/setdocinfo","son":[]},{"name":"\u4e0b\u8f7d\u7a3f\u4ef6","module":"doc","controller":"Doc","action":"downloadDoc","order":1,"remark":"","is_menu":0,"id":65,"pid":42,"level":2,"path":"doc\/doc\/downloaddoc","son":[]},{"name":"\u66ff\u6362\u7a3f\u4ef6","module":"doc","controller":"Doc","action":"replaceDoc","order":1,"remark":"","is_menu":0,"id":66,"pid":42,"level":2,"path":"doc\/doc\/replacedoc","son":[]},{"name":"\u5206\u914d\u5730\u5740","module":"doc","controller":"Doc","action":"assignAddress","order":1,"remark":"","is_menu":0,"id":73,"pid":42,"level":2,"path":"doc\/doc\/assignaddress","son":[]},{"name":"\u5bfc\u51faexecl","module":"doc","controller":"Doc","action":"exportExecl","order":1,"remark":"","is_menu":0,"id":75,"pid":42,"level":2,"path":"doc\/doc\/exportexecl","son":[]}]},{"name":"\u7a3f\u4ef6\u7c7b\u578b","module":"doc","controller":"Journaltype","action":"none","order":1,"remark":"","is_menu":0,"id":48,"pid":0,"level":1,"path":"doc\/journaltype\/none","son":[{"name":"\u7a3f\u4ef6\u7c7b\u578b\u5217\u8868","module":"doc","controller":"Journaltype","action":"dataList","order":1,"remark":"","is_menu":1,"id":49,"pid":48,"level":2,"path":"doc\/journaltype\/datalist","son":[]},{"name":"\u7f16\u8f91\u7a3f\u4ef6\u7c7b\u578b","module":"doc","controller":"Journaltype","action":"edit","order":1,"remark":"","is_menu":0,"id":50,"pid":48,"level":2,"path":"doc\/journaltype\/edit","son":[]},{"name":"\u8bbe\u7f6e\u5b57\u6bb5","module":"doc","controller":"Journaltype","action":"setField","order":1,"remark":"","is_menu":0,"id":51,"pid":48,"level":2,"path":"doc\/journaltype\/setfield","son":[]},{"name":"\u5220\u9664\u7a3f\u4ef6\u7c7b\u578b","module":"doc","controller":"Journaltype","action":"delete","order":1,"remark":"","is_menu":0,"id":52,"pid":48,"level":2,"path":"doc\/journaltype\/delete","son":[]},{"name":"\u7a3f\u4ef6\u7c7b\u578b\u6dfb\u52a0","module":"doc","controller":"Journaltype","action":"add","order":1,"remark":"","is_menu":0,"id":53,"pid":48,"level":2,"path":"doc\/journaltype\/add","son":[]}]},{"name":"\u9644\u4ef6\u7ba1\u7406","module":"doc","controller":"Docattachment","action":"none","order":1,"remark":"","is_menu":0,"id":55,"pid":0,"level":1,"path":"doc\/docattachment\/none","son":[{"name":"\u9644\u4ef6\u5217\u8868","module":"doc","controller":"Docattachment","action":"add","order":1,"remark":"","is_menu":0,"id":56,"pid":55,"level":2,"path":"doc\/docattachment\/add","son":[]},{"name":"\u4e0a\u4f20\u9644\u4ef6","module":"doc","controller":"Docattachment","action":"dataList","order":1,"remark":"","is_menu":0,"id":57,"pid":55,"level":2,"path":"doc\/docattachment\/datalist","son":[]},{"name":"\u5220\u9664\u9644\u4ef6","module":"doc","controller":"Docattachment","action":"delete","order":1,"remark":"","is_menu":0,"id":59,"pid":55,"level":2,"path":"doc\/docattachment\/delete","son":[]},{"name":"\u8bbe\u7f6e\u5b57\u6bb5","module":"doc","controller":"Docattachment","action":"setField","order":1,"remark":"","is_menu":0,"id":60,"pid":55,"level":2,"path":"doc\/docattachment\/setfield","son":[]},{"name":"\u7f16\u8f91\u9644\u4ef6","module":"doc","controller":"Docattachment","action":"edit","order":1,"remark":"","is_menu":0,"id":62,"pid":55,"level":2,"path":"doc\/docattachment\/edit","son":[]},{"name":"\u4e0b\u8f7d\u9644\u4ef6","module":"doc","controller":"Docattachment","action":"downloadAttachment","order":1,"remark":"","is_menu":0,"id":64,"pid":55,"level":2,"path":"doc\/docattachment\/downloadattachment","son":[]}]},{"name":"\u5730\u5740\u7ba1\u7406","module":"doc","controller":"Address","action":"none","order":1,"remark":"","is_menu":0,"id":67,"pid":0,"level":1,"path":"doc\/address\/none","son":[{"name":"\u6dfb\u52a0\u5730\u5740","module":"doc","controller":"Address","action":"add","order":1,"remark":"","is_menu":0,"id":68,"pid":67,"level":2,"path":"doc\/address\/add","son":[]},{"name":"\u8bbe\u7f6e\u5b57\u6bb5","module":"doc","controller":"Address","action":"setField","order":1,"remark":"","is_menu":0,"id":69,"pid":67,"level":2,"path":"doc\/address\/setfield","son":[]},{"name":"\u5220\u9664\u5730\u5740","module":"doc","controller":"Address","action":"delete","order":1,"remark":"","is_menu":0,"id":70,"pid":67,"level":2,"path":"doc\/address\/delete","son":[]},{"name":"\u7f16\u8f91\u5730\u5740","module":"doc","controller":"Address","action":"edit","order":1,"remark":"","is_menu":0,"id":71,"pid":67,"level":2,"path":"doc\/address\/edit","son":[]},{"name":"\u5730\u5740\u5217\u8868","module":"doc","controller":"Address","action":"dataList","order":1,"remark":"","is_menu":1,"id":72,"pid":67,"level":2,"path":"doc\/address\/datalist","son":[]}]}]